"UpdateTimestamp","UpdateReasons","EntryNumber","SequenceNumber","ParentPath","Name"
"2026-10-05 20:41:12.9858330","FileCreate","34417","6",".\Users\dfiruser\Downloads","update-check.ps1"
"2026-10-05 20:41:13.0378550","DataExtend|FileCreate|Close","34417","6",".\Users\dfiruser\Downloads","update-check.ps1"
"2026-10-05 20:41:13.0378550","DataExtend|FileCreate","34417","6",".\Users\dfiruser\Downloads","update-check.ps1"
"2026-10-05 20:42:30.3445766","FileCreate","34469","3",".\Users\dfiruser\AppData\Local\Microsoft\UpdateCache","update.log"
"2026-10-05 20:42:30.3469241","DataExtend|FileCreate|Close","34469","3",".\Users\dfiruser\AppData\Local\Microsoft\UpdateCache","update.log"
"2026-10-05 20:42:30.3469241","DataExtend|FileCreate","34469","3",".\Users\dfiruser\AppData\Local\Microsoft\UpdateCache","update.log"
"2026-10-05 20:42:30.3491409","FileCreate","34470","2",".\Users\dfiruser\AppData\Local\Microsoft\UpdateCache","execution-time.txt"
"2026-10-05 20:42:30.3612528","DataExtend|FileCreate|Close","34470","2",".\Users\dfiruser\AppData\Local\Microsoft\UpdateCache","execution-time.txt"
"2026-10-05 20:42:30.3612528","DataExtend|FileCreate","34470","2",".\Users\dfiruser\AppData\Local\Microsoft\UpdateCache","execution-time.txt"
"2026-10-05 20:43:41.6285831","FileCreate","34472","4",".\Users\dfiruser\Documents","project-notes.txt"
"2026-10-05 20:43:41.6310187","DataExtend|FileCreate|Close","34472","4",".\Users\dfiruser\Documents","project-notes.txt"
"2026-10-05 20:43:41.6310187","DataExtend|FileCreate","34472","4",".\Users\dfiruser\Documents","project-notes.txt"
"2026-10-05 20:43:56.4463318","FileDelete|Close","34472","4",".\Users\dfiruser\Documents","project-notes.txt"
"2026-10-05 20:44:37.1648890","ObjectIdChange","34417","6",".\Users\dfiruser\Downloads","update-check.ps1"
"2026-10-05 20:44:37.1674100","ObjectIdChange|Close","34417","6",".\Users\dfiruser\Downloads","update-check.ps1"
